Nº PEDIDO,MOTIVO EXPRÉS,MOTIVO,CANAL,FOTO,ESTADO,RESPONSABLE,Fecha incidencia,SOLUCION,Fecha resolución
,,,,,Not started,,,,
,,,,,Not started,,,,
,,,,,Not started,,,,
#50357,,"prenda comprada en noviembre, le llega bastante grande. se intenta comunicar bastantes veces con nosotros tuvo respuesta cuando ya termino el plazo de cambios. ",INSTAGRAM,,DETECTADO,dunia sanchis rodriguez,02/22/2025,,
#52827,,PAQUETE PERDIDO,MAIL,,SOLUCIONADO,dunia sanchis rodriguez,02/24/2025,LE REEMBOLSAMOS EL PEDIDO Y SOLICITAMOS LA FACTURA POR PERDIDA A CORREOS EXPRÉS,
#60683,,PRENDA ENTREGADA A GORCA Y NO VOLVIO A LA NAVE,MAIL,,SOLUCIONADO,dunia sanchis rodriguez,02/24/2025,HAY QUE RECLAMAR A GORCA LA PRENDA YA QUE NO LLEGO A MAILING,
#63157,,"le cancelamos pedido por falta de stock, viene a quejarse a tienda porque se le cancela el pedido por falta de stock. ha ido a consumo a informarse. quiere que se le mantenga el precio del pedido que hizo. +34 649 96 10 51",MAIL,,SOLUCIONADO,dunia sanchis rodriguez,02/22/2025,preguntar el lunes a ferrete,
#64352,,"PAQUETE NO PREPARADO, FALTA STOCK",INBOX,,SOLUCIONADO,dunia sanchis rodriguez,02/24/2025,PREGUNTO SI HAY STOCK EN TIENDA SI NO DEVOLVEMOS EL DINERO,
#65046,,hace dos pedidos “sin querer” y hay q hacer devo del 2x1,,,SOLUCIONADO,dunia sanchis rodriguez,02/22/2025,,
#66542,,pedido no preparado por falta de stock,INBOX,,SOLUCIONADO,dunia sanchis rodriguez,02/25/2025,,
#64038,,pedido no llega,INBOX,,SOLUCIONADO,dunia sanchis rodriguez,02/25/2025,,
#64510,,,INBOX,,SOLUCIONADO,dunia sanchis rodriguez,02/26/2025,,
#61038,,"PEDIDO DE ENERO NO LLEGA TODAVIA, PREGUNTO A LUIS ",INBOX,,SOLUCIONADO,dunia sanchis rodriguez,02/26/2025,,
#64006,,PEDIDO NO LE LLEGA,INBOX,,SOLUCIONADO,dunia sanchis rodriguez,02/26/2025,RECLAMO A MAILING,
#66542,,"PEDIDO SIN STOCK EN AMBAS PRENDAS, LLAMAR AL CLIENTE PARA CAMBIARSELO POR OTRAS",INBOX,,SOLUCIONADO,dunia sanchis rodriguez,,,
"#63415 ",,"PEDIDO DEL 29 DE ENERO, TODAVIA NO SE HA ENVIADO, PREGUNTO A MAILIING EL ESTADO DEL PDDO, PERO NO LO SABEN. EN EL EXCEL NO REFLEJA NINGUN BORDADOR",INBOX,,SOLUCIONADO,dunia sanchis rodriguez,03/05/2025,,
#50868,,"PEDIDO DE DICIEMBRE, LE LLEGA EL POLAR PONIENDO FUENTEVENTURA EN LUGAR DE FUERTEVENTURA. LO LLEVA EN ENERO CUANDO LE LLEGA A TIENDA PARA QUE SE LO ARREGLEN, SE LO LLEVA ERIK PERO NO HAY MAS NOTICIAS DEL FORRO. LLAMO A ERIK PARA SABER SI LO TIENE Y NO LO TIENE EL, EN TIENDA TAMPOCO ESTÁ ",INBOX,,SOLUCIONADO,dunia sanchis rodriguez,03/06/2025,,
#50459,,"LE HA LLEGADO EL PEDIDO DEL CLIENTE 50469, pero su pedido no esta, se pregunta a luis si sabe donde se encuentra, llamar al cliente cuando luis responda",MAIL,,SOLUCIONADO,dunia sanchis rodriguez,02/24/2025,se envia recogida del pedido erroneo y se tramita de nuevo su pedido,
#50469,,"PAQUETE MANDADO AL CLIENTE 50459, ",INBOX,,SOLUCIONADO,dunia sanchis rodriguez,02/24/2025,recogen el pddo al cliente 50459 para enviarselo a su destinatario,
#56768,,paquete no entregado,INBOX,,EN CURSO,dunia sanchis rodriguez,02/24/2025,pregunto a mailing,
#58896,,PRENDA MAL BORDADA,INBOX,INCIDENCIAS/image.jpg,SOLUCIONADO,dunia sanchis rodriguez,02/21/2025,MANDADA LA RECOGIDA A MAILING PARA EL DIA 03/03/2025,
#63801,,"pedido no le llega, tiene num de seguimiento, ver si se ha devuelto",INBOX,,SOLUCIONADO,dunia sanchis rodriguez,02/20/2025,,
#64834,,le llega una prenda con iniciales cuando no deberia llevarla,INBOX,INCIDENCIAS/image%201.jpg,SOLUCIONADO,dunia sanchis rodriguez,02/20/2025,mirar si hay xl clasico burdeos en tienda si no mirar en almacen,
#64002,,PRENDA DEFECTUOSA,INBOX,INCIDENCIAS/1000071227.jpg,SOLUCIONADO,dunia sanchis rodriguez,02/19/2025,SE LO DAMOS A JAESER PARA QUE LO ARREGLE EL BORDADO,
#66089,,le llegan dos forros erroneos,INBOX,"INCIDENCIAS/1740398298376785459242926132895.jpg, INCIDENCIAS/17403983244433687525322815222238.jpg",SOLUCIONADO,dunia sanchis rodriguez,02/24/2025,enviado a mailing,
#66199,,"FALTA STOCK DEL FORRO BURDEOS, CUANDO FERRETE VUELQUE EL STOCK MIRARLO. LE CAMBIAMOS EL FORRO POLAR BURDEOS POR OTRO COLOR Y MAILING NOS DICE QUE HA HABIDO UN FALLO Y NO HAY STOCK DEL AZUL MARINO, LLAMO AL CLIENTE PARA COMENTARSELO PERO NO OBTENGO RESPUESTA, ENVIO MENSAJE",INBOX,,SOLUCIONADO,dunia sanchis rodriguez,,,
#66582,,NO PREPARADO,INBOX,,SOLUCIONADO,dunia sanchis rodriguez,02/24/2025,"NO STOCK, LLAMAMOS AL CLIENTE",
#64299,,"LE LLEGA UNA PRENDA CON OTRA CIUDAD BORDADA, PIDE JAEN Y LE LLEGA JEREZ",INBOX,,SOLUCIONADO,dunia sanchis rodriguez,02/27/2025,PEDIDA LA RECOGIDA PARA QUE LO ARREGLE ERIC LA PRENDA,
#63230,,"PEDIDO PREPARADO PERO NO ENVIADO DESDE FINALES DE ENERO, PREGUNTO A MAILING",INBOX,,SOLUCIONADO,dunia sanchis rodriguez,02/27/2025,LO ACABAN DE ENTREGAR EN MAILING,
#64088,,TIENE QUE ENTREGAR UNA PRENDA,TIENDA,,SOLUCIONADO,dunia sanchis rodriguez,02/27/2025,TIENE QUE ENTREGAR EL POLAR NEGRO EN TIENDA,
#65444,,"CLIENTE RECIBE EL PEDIDO CON UNA PRENDA INCORRECTA, PEDIMOS A MAILING ENVIAR LA PRENDA CORRECTA Y EL RETORNO DE LA OTRA",INBOX,"INCIDENCIAS/Forro_1_Esenzia.jpg, INCIDENCIAS/Forro_2_esenzia.jpg",SOLUCIONADO,dunia sanchis rodriguez,03/06/2025,,
#64680,,"LE LLEGA UNA DE LAS DOS PRENDAS MAL, PEDIMOS A MAILING EL ENVIO DE LA CORRECTA",INBOX,"INCIDENCIAS/deea8c66-d03c-42bb-ba92-7e599ae2911b.jpeg, INCIDENCIAS/1e09e4db-70c3-4f4c-a64c-d265ab07129a.jpeg, INCIDENCIAS/1a86dc0a-8e24-458e-bb89-cf7b381ecdc3.jpeg",SOLUCIONADO,dunia sanchis rodriguez,03/06/2025,,
#65066,,"AL CLIENTE LE LLEGA UNA DE LAS DOS PRENDAS MAL, MANDAMOS BORDAR LA PRENDA CORRECTA Y EL ENVIO CON RETORNO DE LA INCORRECTA",INBOX,"INCIDENCIAS/IMG_5959.jpeg, INCIDENCIAS/IMG_5958.jpeg, INCIDENCIAS/IMG_5954.jpeg",SOLUCIONADO,dunia sanchis rodriguez,03/05/2025,,
#64957,,"RECIBE UNA PRENDA MAL, LE ENVIAMOS LA CORRECTA JUNTO AL RETORNO DE LA ERRONEA",INBOX,,SOLUCIONADO,dunia sanchis rodriguez,03/04/2025,MAILING MANDA LA PRENDA A BORDAR,
#64344,,"CRUCE DE PEDIDOS CON #64334, #64344 TIENE NUMERO DE SEGUIMIENTO PERO NO AVANZA, PREGUNTADO SU ESTADO A LUIS, #64334 YA TIENE EL PEDIDO, CUANDO SE SEPA EL ESTADO DE LOS DOS HACER LOS ENVIOS PERTINENTES // AL CLIENTE SOLO LE LLEGA UNO DE LOS DOS FORROS BLANCO ROTO",INBOX,INCIDENCIAS/image%202.jpg,SOLUCIONADO,dunia sanchis rodriguez,03/04/2025,SE HA MANDADO LA RECOGIDA Y SE LE HA HECHO EL CRUCE,
#65347,,"CRUCE DE PEDIDOS CON #65374, HACEMOS EL ENVIO PERTINENTE DE LOS DOS PAQUETES A SUS RESPECTIVOS DUEÑOS",LLAMADA,,SOLUCIONADO,dunia sanchis rodriguez,03/06/2025,SE MANDA ETIQUETA DE RECOGIDA A AMBOS PEDIDOS,
#65374,,"CRUCE DE PEDIDOS CON #65347, NOTIFICAMOS A LUIS Y HACEMOS LAS RECOGIDAS Y ENVIOS PERTINENTES",LLAMADA,,SOLUCIONADO,dunia sanchis rodriguez,03/06/2025,SE MANDA ETIQUETA DE RECOGIDA A AMBOS PEDIDOS,
#64759,,LE LLEGA UNA DE LAS DOS PRENDAS MAL. INFORMADO A MAILING PARA HACER ENVIO DE LA NUEVA,INBOX,INCIDENCIAS/IMG_0212.jpeg,SOLUCIONADO,dunia sanchis rodriguez,03/06/2025,,
#50801,,"LE LLEGA UNA PRENDA EN MALAS CONDICIONES. NOTIFICAMOS A MAILING RECOGIDA Y QUE LO REIVSE JEASER PARA ENVIAR DE NUEVO LA PRENDA ",TIENDA,INCIDENCIAS/Imagen_de_WhatsApp_2025-03-06_a_las_17.45.05_e22fc296.jpg,SOLUCIONADO,dunia sanchis rodriguez,03/06/2025,,
#50413,PEDIDO PERDIDO,"PEDIDO ENTREGADO PERO NO LO TIENE LA CLIENTA, PEDIMOS JUSTIFICANTE DE ENTREGA DEL PEDIDO A LUIS, LUIS NOS ENVIA ESTA IMAGEN COMO JUSTIFICANTE DE ENTREGA. TENEMOS QUE HABLAR CON LA CLIENTA// ENVIAMOS UNA DE LAS PRENDAS DE TIENDA A ERIK PARA QUE LE BORDE LAS INICIALES Y LO RECOJA EN TIENDA LA CLIENTA // ENVIAMOS LA PRENDA DE TIENDA A ERIK PARA Q BORDE LAS INICIALES EN EL PIÑO",INBOX,INCIDENCIAS/Captura_de_pantalla_2025-03-11_125057.png,SOLUCIONADO,dunia sanchis rodriguez,03/06/2025,,
"#58900 ",,LE LLEGA LA PRENDA CON EL BORDADO EN MALAS CONDICIONES,LLAMADA,INCIDENCIAS/Video_de_WhatsApp_2025-03-09_a_las_22.33.19_184f20b3.mp4,SOLUCIONADO,dunia sanchis rodriguez,03/10/2025,"PEDIMOS RECOGIDA A LUIS ",
#56205,PEDIDO PERDIDO,"PAQUETE PERDIDO     PEDIDO DEL 31 DE DICIEMBRE, NO LE HA LLEGADO TODAVIA.  RECLAMO",INBOX,,SOLUCIONADO,dunia sanchis rodriguez,03/10/2025,,
#65966,,"ESTA CLIENTA LLAMA BASTANTE ENFADADA POR LA TARDANZA DEL PEDIDO. RECLAMO EL PEDIDO. ",LLAMADA,,SOLUCIONADO,dunia sanchis rodriguez,03/10/2025,,
#65490,,"NO LE HA LLEGADO LA CAMISETA DEL PEDIDO, RECLAMADO A MAILING, EN ESPERA QUE ADRIAN ENVIE LA FACTURA",INBOX,,SOLUCIONADO,dunia sanchis rodriguez,03/11/2025,,
#61009,PEDIDO PERDIDO,"PEDIDO NO LE HA LLEGADO AL CLIENTE. RECLAMADO A LUIS BASTANTES VECES. LLAMO A LA CLIENTA PARA OFRECERLE OTRA PRENDA Y ENVIARSELA ",LLAMADA,,SOLUCIONADO,dunia sanchis rodriguez,03/11/2025,"MANDAMOS OTRA PRENDA A BORDAR ",02/04/2025
#65275,,"CRUCE DE PEDIDOS CON #66275, INFORMAMOS A MAILING Y PEDIMOS RECOGIDA DE AMBOS. ENVIADA LA ETIQUETA DE RECOGIDA",LLAMADA,,SOLUCIONADO,dunia sanchis rodriguez,03/12/2025,,
#65807,,"LE LLEGA LA PRENDA DESCOSIDA, RECLAMADO A MAILING, SE LE ENVIA OTRA NUEVA Y SE RECOGE LA ANTERIOR",INBOX,"INCIDENCIAS/12432015-8a9f-4eb6-94f6-09c0dbea1700.jpeg, INCIDENCIAS/bccfb492-597c-4c9e-964f-80da387ebb75.jpeg",SOLUCIONADO,dunia sanchis rodriguez,03/13/2025,,
#65554,,"LE LLEGA LA PRENDA CON LA GOMILLA ROTA, HACEMOS EL CAMBIO, PEDIMOS A MAILING LA RECOGIDA DE LA PRENDA INCORRECTA.  LE LLEGA LA NUEVA PRENDA Y LE LLEGA SIN BORDAR, MANDAMOS RECOGIDA DE ESTA Y MANDAMOS LA CORRECTA BORDADA ",INBOX,"INCIDENCIAS/IMG_4970.jpeg, INCIDENCIAS/image_(2).jpg, INCIDENCIAS/image_(3).jpg",SOLUCIONADO,dunia sanchis rodriguez,03/13/2025,ENVIADO LA PRENDA PARA HACER EL CAMBIO,14/03/2025
#66429,,,INBOX,"INCIDENCIAS/IMG_8157.jpeg, INCIDENCIAS/IMG_8240.jpeg, INCIDENCIAS/IMG_8239.jpeg",SOLUCIONADO,dunia sanchis rodriguez,03/13/2025,,
#66193,PEDIDO PERDIDO,"PAQUETE NO LLEGA, RECLAMO A MAILING, ",INBOX,,SOLUCIONADO,dunia sanchis rodriguez,03/17/2025,,
#66104,,"PAQUETE NO TIENE NUM DE SEGUIMENTO, RECLAMADO A MAILING",INBOX,,SOLUCIONADO,dunia sanchis rodriguez,,,
#61158,PEDIDO PERDIDO,PAQUETE CON NUMERO DE SEGUIMIENTO PERO NUNCA HA SIDO ENTREGADO. ENVIAR FACTURAS A MAILING. CLIENTE QUIERE REEMBOLSO DEL DINERO.,INBOX,,SOLUCIONADO,dunia sanchis rodriguez,03/17/2025,,
#62829,PEDIDO PERDIDO,PAQUETE ENVIADO Y PERDIDO. RECLAMO A MAILING,INBOX,,SOLUCIONADO,dunia sanchis rodriguez,03/17/2025,,
#65040,PEDIDO PERDIDO,"POSIBLE PAQUETE PERDIDO POR PARTE DE LUIS// LE LLEGAN LAS PRENDAS A CASA Y TIENE HILOS ",MAIL,,SOLUCIONADO,dunia sanchis rodriguez,03/17/2025,LE PREGUNTAMOS A LUIS EL ESTADO,17/03/2025
#57668,PRENDA EN MAL ESTADO,"CLIENTE NOS AVISA QUE LA PRENDA ESTA DESHILACHANDOSE, AVISAMOS A MAILING, SE LE HACE LA RECOGIDA DE LA PRENDA, NOS LLEGA A ALMACEN, ENVIAMOS A BORDADOR PERO TODAVIA NO HA VUELTO.",INBOX,,SOLUCIONADO,dunia sanchis rodriguez,02/12/2025,"SE RECLAMA A MAILING, ENVIAMOS A BORDADOR PERO NO HA VUELTO",
#65233,,"CLIENTE RECIBE UNA PRENDA SIN BORDAR, RECLAMO A MAILING PARA QUE RECOJAN LA PRENDA Y LA MANDEN A BORDAR DE NUEVO",INBOX,"INCIDENCIAS/IMG_6375.jpeg, INCIDENCIAS/IMG_6376.jpeg, INCIDENCIAS/IMG_6377.jpeg",SOLUCIONADO,dunia sanchis rodriguez,03/19/2025,,
#65797,PEDIDO PERDIDO,"NUMERO DE SEGUIMIENTO PERO NO AVANZA, RECLAMO A MAILING",INBOX,,SOLUCIONADO,dunia sanchis rodriguez,03/19/2025,,
#47482,PEDIDO PERDIDO,"PAQUETE PERDIDO, LLAMO A LA CLIENTA Y ME TIENE QUE VOLVER A LLAMAR PARA ELEGIR OTRO COLOR (MANDAR FACTURA)",MAIL,,SOLUCIONADO,dunia sanchis rodriguez,02/25/2025,SE LE HACE EL REEMBOLSO DEL DINERO TENEMOS QUE RECLAMAR EL PEDIDO,26/02/2025
#47829,PEDIDO PERDIDO,PEDIDO PERDIDO,INBOX,,SOLUCIONADO,dunia sanchis rodriguez,02/24/2025,MANDAMOS DE NUEVO LA PRENDA A BORDADOS,
#49963,PEDIDO PERDIDO,PEDIDO PERDIDO,MAIL,,SOLUCIONADO,dunia sanchis rodriguez,02/19/2025,PAQUETE PERDIDO LE REEMBOLSAMOS EL PEDIDO,27/02/2025
#50477,,PAQUETE PERDIDO,MAIL,,SOLUCIONADO,dunia sanchis rodriguez,02/24/2025,LE REEMBOLSAMOS EL PEDIDO Y SOLICITAMOS LA FACTURA POR PERDIDA A CORREOS EXPRÉS,
#51020,,PAQUETE PERDIDO,MAIL,,SOLUCIONADO,dunia sanchis rodriguez,02/24/2025,"PREGUNTAR AL CLIENTE QUE HACEMOS CON SU PEDIDO, LLAMO A LA CLIENTA DOS VECES PERO NO COGE LAS LLAMADAS, ENVIO CORREO// cliente decide cancelar el pedido",25/02/2025
#52835,,PAQUETE PERDIDO,MAIL,,SOLUCIONADO,dunia sanchis rodriguez,02/24/2025,TENEMOS QUE PEDIR LA FACTURA PARA EL PROVEEDOR,24/02/2025
#54036,,PAQUETE PERDIDO,INBOX,,SOLUCIONADO,dunia sanchis rodriguez,02/21/2025,DEVOLVEMOS EL IMPORTE Y MANDAMOS EL JUSTIFICANTE A CORREOS,24/02/2025
#55603,,PAQUETE DEVUELTO,INBOX,,SOLUCIONADO,dunia sanchis rodriguez,02/19/2025,LE VOLVEMOS A MANDAR EL PAQUETE,24/02/2025
#56369,,PEDIDO PERDIDO,INBOX,,SOLUCIONADO,dunia sanchis rodriguez,02/21/2025,LE VOLVEMOS A HACER UNA PRENDA NUEVA,17/03/2025
#57341,,PAQUETE PERDIDO,INBOX,,SOLUCIONADO,dunia sanchis rodriguez,02/19/2025,PERDIDO POR LUIS TENEMOS QUE RECLAMAR EL IMPORTE,
#57355,,PRENDA EN MAL ESTADO,INBOX,INCIDENCIAS/IMG_20250224_190834_1.jpg,SOLUCIONADO,dunia sanchis rodriguez,02/24/2025,LE ENVIAMOS DE NUEVO LA PRENDA AL CLIENTE 5483000720088825,24/02/2025
#58589,,"pedido devuelto a almacen, mailing necesita fra para proceder al nuevo envio",MAIL,,SOLUCIONADO,dunia sanchis rodriguez,02/24/2025,ENVIAN EL PEDIDO DE NUEVO CON EL SEGUIMIENTO PK5HR30710000440135006Q,
#59932,PEDIDO PERDIDO,PEDIDO LLEGA CON UNA QUEMADURA,INBOX,INCIDENCIAS/1000052009.jpg,SOLUCIONADO,dunia sanchis rodriguez,02/21/2025,MANDADO EL PEDIDO DESDE TIENDA CON RETORNO,
#62248,,PEDIDO PARALIZADO TIKTOK,INBOX,,SOLUCIONADO,dunia sanchis rodriguez,02/25/2025,PEDIDO PARALIZADO EN MAILING,
#63251,,cruce envio con #63351,INBOX,,SOLUCIONADO,dunia sanchis rodriguez,,"tenemos que recoger paquete de #63351 y entregar al cliente, al cliente le llega su prenda ",10/03/2025
#63337,,ENTREGADO EN PUNTO DE CONVENIENCIA,INBOX,INCIDENCIAS/Captura_de_pantalla_2025-02-24_200923.png,SOLUCIONADO,dunia sanchis rodriguez,02/24/2025,RECOGIDO,25/02/2025
#63351,,cruce de envio con #63251,INBOX,INCIDENCIAS/IMG_8173.jpeg,SOLUCIONADO,dunia sanchis rodriguez,02/25/2025,"la clienta quiere la devolucion integra del dinero del pedido, pone una denuncia en consumo, cancelamos y mandamos la recogida del pedido #63251, cuando le devolvamos el dinero quitara la denuncia ",
"#63392 ",,"PEDIDO DEL 29 DE ENERO, TODAVIA NO HA ENTRADO REPO DE KIDS Y SE PIDIÓ",INBOX,,SOLUCIONADO,dunia sanchis rodriguez,02/26/2025,SE LE MANDA EL POLAR NEGRO,
#63816,,DEVOLUCIÓN DE TIKTOK,TIENDA,,SOLUCIONADO,dunia sanchis rodriguez,02/25/2025,SACAMOS LA PRENDA DE LA BOLSA Y LO METEMOS EN STOCK,26/02/2025
#66113,,PRENDAS INCORRECTAS,INBOX,INCIDENCIAS/IMG_20250218_145954.jpg,SOLUCIONADO,dunia sanchis rodriguez,02/20/2025,MANDADO PEDIDO CON RETORNO 5483000719919352,24/02/2025
#66335,,PRENDA ERRONEA,INBOX,INCIDENCIAS/IMG_7134.jpeg,SOLUCIONADO,dunia sanchis rodriguez,02/24/2025,MANDADO EL PEDIDO CORRECTAMENTE,27/02/2025
#47722,,"LE HACEMOS LA DEVOLUCION DEL DINERO, VIENE LA CLIENTA A TIENDA, PEDIDO PERDIDO",TIENDA,,SOLUCIONADO,dunia sanchis rodriguez,02/25/2025,"HACEMOS DEVOLUCION DEL DINERO Y MANDAMOS FACTURA A MAILING ",25/02/2025
#53144,,PEDIDO QUE NO HA SALIDO,MAIL,,SOLUCIONADO,dunia sanchis rodriguez,02/25/2025,"cancelar pedido ",25/02/2025
#57322,,no recibe el pedido pero marca como entregado,INBOX,,SOLUCIONADO,dunia sanchis rodriguez,02/25/2025,"pregunto a luis, recogen en un local comercial",25/02/2025
#62251,," PAQUETE PERDIDO",INBOX,,SOLUCIONADO,dunia sanchis rodriguez,02/25/2025,DEVOLVEMOS EL IMPORTE Y PEDIMOS LA FACTURA,26/02/2025
#63419,,PEDIDO NO MANDADO A BORDADOS,INBOX,,SOLUCIONADO,dunia sanchis rodriguez,02/25/2025,NO SE MANDO NUNCA A BORDADOS,25/02/2025
#66114,,PRENDA MAL ENVIADA,INBOX,INCIDENCIAS/IMG_3763.jpeg,SOLUCIONADO,dunia sanchis rodriguez,02/20/2025,MANDADA LA PRENDA CORRECTA CON RETORNO 5483000720074071,25/02/2025
#66317,,NO STOCK UNA PRENDA,INBOX,,SOLUCIONADO,dunia sanchis rodriguez,02/25/2025,CAMBIADO POR OTRO COLOR - OK,26/02/2025
#64655,PEDIDO PERDIDO,PEDIDO ENTREGADO PERO NO LO TIENE EL CLIENTE,INBOX,,SOLUCIONADO,dunia sanchis rodriguez,02/26/2025,"PREGUNTO A LUIS, PAQUETE ENTREGADO",27/02/2025
#64592,PEDIDO MAL ENTREGADO,"PIDE 4 FORROS Y SOLAMENTE LE LLEGAN DOS ",INBOX,INCIDENCIAS/1000326786.jpg,SOLUCIONADO,dunia sanchis rodriguez,02/26/2025,LAS OTRAS DOS PRENDAS LAS MANDAN GORCA DESDE SU OFICINA,
#61080,,PEDIDO NO LE LLEGA DESDE EL 20 DE ENERO,INBOX,,SOLUCIONADO,dunia sanchis rodriguez,02/26/2025,PEDIDO LO TIENE LUIS EN SU CAJA,
#64323,,LE LLEGA PEDIDO PERO FALTA UNA PRENDA,INBOX,,SOLUCIONADO,dunia sanchis rodriguez,02/26/2025,ENTREGADO EL 24 DE FEBRERO,27/02/2025
#46161,,PEDIDO PERDIDO,MAIL,,SOLUCIONADO,dunia sanchis rodriguez,02/26/2025,PEDIDO REEMBOLSADO Y LE HEMOS HECHO UNA TARJETA REGALO,26/02/2025
#58522,,"PEDIDO DE ENERO TODAVIA NO HA LLEGADO, RECLAMO A LUIS ",INBOX,,SOLUCIONADO,dunia sanchis rodriguez,02/27/2025,"EL PEDIDO COMPLETO ESTA PERDIDO, SE LO VOLVEMOS A PREPARAR DE NUEVO",11/03/2025
"#59353 ",PEDIDO PERDIDO," ENVIAR FACTURA PEDIDO PERDIDO, PREGUNTO A MAILING",INBOX,,SOLUCIONADO,dunia sanchis rodriguez,02/27/2025,LE MANDAMOS DE NUEVO LA PRENDA QUE PIDIO,06/03/2025
#53312,,"PEDIDO NO LLEGA DESDE DICIEMBRE, RECLAMO A MAILING. ME COMENTAN QUE HA SIDO UN ERROR, APARECE COMO ENVIADO PERO REALMENTE NO ES ASI, NO TIENEN STOCK. OFREZCO A LA CLIENTE CAMBIAR POR OTRA PRENDA.",INBOX,,SOLUCIONADO,dunia sanchis rodriguez,02/27/2025,NUNCA SE HA MANDADO Y LO CANCELAMOS,
#57413,,"PRENDA DEFECTUOSA, ENVIAMOS PRENDA DE NUEVO Y RECOGIDA DE LA OTRA ",INBOX,"INCIDENCIAS/2c8aa3af-4506-40e8-aadd-32683ea339b1.jpeg, INCIDENCIAS/5217a42d-b0bf-4919-bfb2-57d7a6883b53.jpeg, INCIDENCIAS/da62a969-7cf0-465c-91aa-00c9e66f83e7.jpeg",SOLUCIONADO,dunia sanchis rodriguez,02/27/2025,LE MANDAMOS UNA NUEVA PRENDA AL CLIENTE Y LE RECOGEMOS LA DEFECTUOSA,
#48622,PRENDA EN MAL ESTADO,PRENDA CON UNA FRANJA EN MEDIO,INBOX,,SOLUCIONADO,dunia sanchis rodriguez,03/06/2025,SE MANDA UNA NUEVA PRENDA A BORDADOS,06/03/2025
#46496,PEDIDO PERDIDO,SE HA PERDIDO EL PAQUETE,INBOX,,SOLUCIONADO,dunia sanchis rodriguez,03/06/2025,SE LE MANDA UN ARTÍCULO NUEVO,06/03/2025
#45917,PRENDA EN MAL ESTADO,PRENDA CON TARA,INBOX,,SOLUCIONADO,dunia sanchis rodriguez,03/06/2025,SE LE HA MANDADO LA NUEVA Y TENEMOS RECOGIDA LA ANTIGUA,06/03/2025
"#64334 ",PEDIDO PERDIDO,"CRUCE DE PEDIDOS CON #64344, MIRAR LA CAJA ANTERIOR. CUANDO SE LOCALICE EL OTRO PEDIDO ENVIAR LOS CORRECTOS. PRENDAS QUE TENÁI LUIS Y SE LA TENEMOS QUE RECLAMAR",INBOX,,SOLUCIONADO,dunia sanchis rodriguez,03/04/2025,"SE HACE RECOGIDA DEL PAQUETE QUE LE LLEGA MAL PARA ENVIARSELO AL OTRO CLIENTE, ELLA DECIDE CANCELAR SU PEDIDO Y SE LE HACE EL REEMBOLSO",10/03/2025
#67101,PEDIDO PERDIDO,PAQUETE ENTREGADO A UNA PERSONA QUE NO ES LA CLIENTA,INBOX,"INCIDENCIAS/Captura_de_pantalla_2025-03-06_160439.png, INCIDENCIAS/IMG_4675.jpeg",SOLUCIONADO,dunia sanchis rodriguez,03/06/2025,LE PEDIMOS A LA CLIENTA EL DNI,
#66275,,"CRUCE DE PEDIDOS CON #65275, INFORMAMOS A MAILING DEL CRUCE DE PEDIDOS Y PEDIMOS ETIQUETAS DE RECOGIDA DE LOS DOS. ENVIADA LA ETIQUETA DE RECOGIDA",INBOX,,SOLUCIONADO,dunia sanchis rodriguez,03/12/2025,"YA LE HAN ENTREGADO Y RECOGIDO EL PEDIDO ",18/03/2025
#57173,PEDIDO PERDIDO,PAQUETE PERDIDO POR CORREOS,LLAMADA,,SOLUCIONADO,dunia sanchis rodriguez,03/12/2025,LE HACEMOS EL REEMBOLSO PARA QUE PIDA UNA NUEVA PRENDA,12/03/2025
#65977,PEDIDO PERDIDO,PAQUETE PERDIDO,MAIL,,SOLUCIONADO,dunia sanchis rodriguez,03/12/2025,LE MANDAMOS UNA NUEVA PRENDA AL CLIENTE,12/03/2025
#66444,PEDIDO PERDIDO,"PAQUETE ENTREGADO EN CITYBOX PERO CUANDO EL CLIENTE VA A ABRIRLO NO HAY NADA, RECLAMO A MAILING EL JUSTIFICANTE DE ENTREGA O DNI, LE COMENTO AL CLIENTE QUE COLORES QUIERE QUE LE ENVIEMOS DE NUEVO",INBOX,,SOLUCIONADO,dunia sanchis rodriguez,03/13/2025,"CLIENTE PREFIERE REEMBOLSO, YA QU ENO QUIERE OTROS COLORES, PREFIERE COMPRARLOS MAS A DELANTE",
#55903,,"SOLO LE ENTREGAN UNA DE LAS DOS PRENDAS, PEDIDO DE DICIEMBRE, RECLAMAMOS Y ENVIAMOS LA PRENDA QUE SE HABIA QUEDADO ATRAS",INBOX,,SOLUCIONADO,dunia sanchis rodriguez,03/14/2025,PRENDA ENVIADA Y NUMERO DE SEGUIMIENTO TAMBIEN,14/03/2025
#67982,,"LE LLEGA UNA PRENDA SIN NINGUN TIPO DE BORDADO Y TAMBIEN MAL EL BORDADO, SE LO RECLAMAMOS A MAILING PARA QUE LA RECOJAN Y ENVIEN LA CORRECTA",INSTAGRAM,INCIDENCIAS/IMG_1655.jpeg,SOLUCIONADO,dunia sanchis rodriguez,03/13/2025,"SE LE MANDA EL NUMERO DE SEGUIMIENTO AL CLIENTE ",14/03/2025
#64770,,"le llegan uno de los dos forros polares ",INBOX,,SOLUCIONADO,dunia sanchis rodriguez,,,
#65187,PEDIDO PERDIDO,"PAQUETE NO TIENE NUMERO DE SEGUIMIENTO, PERDIDO, LE DOY A ELEGIR AL CLIENTE OTROS COLORES. SE DIO A LUIS Y NUNCA SE LLEGÓ A MANDAR",INBOX,,SOLUCIONADO,dunia sanchis rodriguez,03/17/2025,SE MANDAN NUEVAS PRENDAS A BORDAR,17/03/2025
#61158,PEDIDO PERDIDO,PAQUETE ENVIADO Y PERDIDO,MAIL,,SOLUCIONADO,dunia sanchis rodriguez,03/17/2025,SE LE MANDA UNA NUEVA Y SE LE RECLAMA EL PEDIDO A CORREOS,17/03/2025
#57871,PEDIDO PERDIDO,TIENE SEGUIMIENTO PERO ESTÁ PARADO,MAIL,,SOLUCIONADO,dunia sanchis rodriguez,03/17/2025,SE LE RECLAMA A LUIS LA PERDIDA DEL PEDIDO,17/03/2025
#64685,PEDIDO PERDIDO,"PAQUETE ENVIADO PERO NO LE HA LLEGADO AL CLIENTE, RECLAMADO A MAILING. CLIENTE QUIERE REEMBOLSO Y COMENTA QUE HA PUESTO UNA RECLAMACION. LE EXPLICO LA SITUACION DEL PEDIDO Y QUE LO HE RECLAMADO PARA VER EN QUE SITUACION SE ENCUENTRA",INBOX,,SOLUCIONADO,dunia sanchis rodriguez,03/18/2025,"EL CLIENTE PONE HOJA DE RECLAMACIONES, PROCEDEMOS AL REEMBOLSO DEL PEDIDO. ",19/03/2025
#65286,PEDIDO PERDIDO,SE MANDO A GORCA Y NO REGRESO EL PEDIDO,MAIL,,SOLUCIONADO,dunia sanchis rodriguez,,,
#64419,,LUIS HA ENTREGADO UNICAMENTE UNA PRENDA DE LAS DOS,,,SOLUCIONADO,dunia sanchis rodriguez,,SE LE MANDA SOLAMENTE UN ARTÍCULO,20/03/2025
#47308,,"PEDIDO PERDIDO, SALE COMO ENTREGADO EN PAPELERIA Y LIBRERIA LA NUEVA. HABLO CON EL DUEÑO DE LA TIENDA Y ME DICE QUE EL NO TIENE EL PAQUETE Y QUE DESDE DICIEMBRE NO PUEDE TENER UN PAQUETE DESDE DICIEMBRE",TIENDA,,SOLUCIONADO,,,,
#65640,,"PAQUETE NO HA SALIDO DE ALMACEN, MIRAR CON FERRETE , FINALMENTE ENVIAMOS LAS DOS PRENDAS DESDE TIENDA",INBOX,,SOLUCIONADO,dunia sanchis rodriguez,03/31/2025,ENVIAMOS LAS PRENDAS DESDE TIENDA,14/04/2025
#62418,PRENDA EN MAL ESTADO,PAQUETE DAÑADO POR CORREOS,MAIL,,SOLUCIONADO,dunia sanchis rodriguez,03/20/2025,SE LE MANDA UNA NUEVA PRENDA Y RECLAMAMOS LA ANTERIOR A CORREOS,20/03/2025
#64934,,"LE LLEGA MAL EL PEDIDO, SE LE ENVIA DESDE TIENDA CON RETORNO LA GRIS PLOMO, EN BORDADOR ESTA LA GRIS CARBON",INBOX,"INCIDENCIAS/1000068011.jpg, INCIDENCIAS/1000068009.jpg, INCIDENCIAS/1000068008.jpg, INCIDENCIAS/1000068007.jpg, INCIDENCIAS/1000068005.jpg, INCIDENCIAS/1000068004.jpg",SOLUCIONADO,dunia sanchis rodriguez,03/13/2025,,
#64697,,"CLIENTE PIDE DOS FORROS CIUDADES, DE UNA PIDE QUE SE CAMBIE LA CIUDAD, AVISO A ADRIAN Y LE LLEGA AL CLIENTE LOS DOS FORROS CON LA MISMA CIUDAD. OFREZCO OTRO COLOR PARA MANDAR A BORDAR DE NUEVO Y RECOGER LA PRENDA ERRONEA. ",INBOX,"INCIDENCIAS/Imagem_2025-02-27_s_17.16.21_1d8a3b69.jpg, INCIDENCIAS/Imagem_2025-02-27_s_17.16.22_81efff26.jpg",SOLUCIONADO,dunia sanchis rodriguez,03/21/2025,,
#65438,,"CLIENTA PIDE DOS PRENDAS, UNA S Y UNA M, AL ENVIAR A BORDAR SE EQUIVOCAN Y COGEN UNA L EN VEZ DE UNA S. LLAMO A LA CLIENTA PARA OFRECERLE OTRO COLOR PERO NO LO QUIERE, ERA PARA UN REGALO Y QUIERE LAS DOS IGUALES O NINGUNA. HABLAR CON FERRETE SI LE REEMBOLSAMOS EL DINERO",INBOX,,SOLUCIONADO,dunia sanchis rodriguez,03/21/2025,PEDIDO SE CANCELA,03/04/2025
#67861,PEDIDO PERDIDO,PAQUETE ENTREGADO A OTRA PERSONA,MAIL,,SOLUCIONADO,dunia sanchis rodriguez,03/24/2025,SE LE MANDA UNA NUEVA PRENDA,24/03/2025
#65954,PEDIDO MAL ENTREGADO,"ENTREGAN UNA PRENDA DEL COLOR ERRONEO, OFREZCO OTRO COLOR ",INBOX,"INCIDENCIAS/IMG_4107.jpeg, INCIDENCIAS/IMG_4109.jpeg, INCIDENCIAS/IMG_4110.jpeg",SOLUCIONADO,dunia sanchis rodriguez,03/25/2025,CLIENTA FINALMENTE NO QUIERE CAMBIAR EL COLOR DEL FORRO POLAR POR AHORRARSE EL TRAMITE DE DEVOLUCION,25/03/2025
#6925,PEDIDO PERDIDO,PAQUETE ROTO,MAIL,,SOLUCIONADO,dunia sanchis rodriguez,03/26/2025,LE MANDAMOS UNO NUEVO AL CLIENTE,26/03/2025
#67116,,"UNO DE LOS DOS FORROS POLARES LE LLEGA SIN LAS INICIALES BORDADAS, PIDO RECOGIDA A LUIS ",INBOX,INCIDENCIAS/image%203.jpg,SOLUCIONADO,dunia sanchis rodriguez,03/26/2025,,
#65434,PEDIDO PERDIDO,CLIENTA SOLICITA EL REEMBOLSO,INBOX,,SOLUCIONADO,dunia sanchis rodriguez,03/26/2025,REEMBOLSADO,26/03/2025
#65292,PEDIDO PERDIDO,A ESPERAS DE TENER STOCK POLARES PARA PFRECERLE OTRO AL CLIENTE,INBOX,,SOLUCIONADO,dunia sanchis rodriguez,03/31/2025,"SE MANDAN A BORDAR NUEVAS PRENDAS ",
#68555,,"LE LLEGA UNA PRENDA DE OTRO PEDIDO (68355), PREGUNTO A LUIS SI TIENE ALLI EL OTRO PEDIDO PARA HACER EL CAMBIO DE PRENDAS //",INBOX,INCIDENCIAS/Captura_de_pantalla_2025-03-31_a_las_16.11.57.png,SOLUCIONADO,dunia sanchis rodriguez,03/31/2025,"LA OTRA PRENDA LA TENIA MAILING EN ALMACEN, SE HACE EL ENVIO CON RETORNO",09/04/2025
#67088,PEDIDO MAL ENTREGADO,"LE ENTREGAN UNA PRENDA SIN LAS INICIALES GRABADAS, PIDO RECOGIDA A LUIS ",INBOX,INCIDENCIAS/1000279883.jpg,SOLUCIONADO,dunia sanchis rodriguez,04/01/2025,,
#68022,PEDIDO PERDIDO,"NUMERO DE SEGUIMIENTO PERO NO LE LLEGA AL CLIENTE. OFRECEMOS OTRA PRENDA ",INBOX,,SOLUCIONADO,dunia sanchis rodriguez,04/02/2025,,
#67047,PEDIDO PERDIDO,"PRENDA NO LE LLEGA AL CLIENTE, RECLAMO A ERIC Y COMENTA QUE NUNCA HA TENIDO ESA PRENDA EN SU ALMACEN, TRAMITO UNA NUEVA PRENDA PARA BORDAR",INBOX,,SOLUCIONADO,dunia sanchis rodriguez,,,
#65571,PEDIDO PERDIDO,"TRAMITAR NUEVAS PRENDAS ",INBOX,,SOLUCIONADO,dunia sanchis rodriguez,,PREPARAMOS DE NUEVO LAS DOS PRENDAS Y AVISAMOS AL CLIENTE VI AMAIL,02/04/2025
#68334,PRENDA EN MAL ESTADO,"TRAMITO NUEVA PRENDA ",MAIL,"INCIDENCIAS/Captura_de_pantalla_2025-04-03_104144.png, INCIDENCIAS/Captura_de_pantalla_2025-04-03_103840.png",SOLUCIONADO,dunia sanchis rodriguez,03/31/2025,ENVIAMOS DE NUEVO LA PRENDA Y RECOGEMOS LA QUE ESTA MAL,
#58321,PEDIDO PERDIDO,LLAMO A LA CLIENTA PARA TRAMITAR NUEVAS PRENDAS PERO NO ME COGE TELF,INBOX,,SOLUCIONADO,dunia sanchis rodriguez,04/03/2025,,
#64941,PEDIDO PERDIDO,RECLAMO A LUIS SI LO HA BORDADO // EN EL EXCEL SOLO APARECE 1/2,INBOX,,SOLUCIONADO,dunia sanchis rodriguez,04/03/2025,se le envía una de nuevo,
#67256,PEDIDO PERDIDO,"TRAMITO UNA NUEVA PRENDA, SE SUPONE QUE SE HA BORDADO PERO NO HAY NOTICIAS DE LA PRENDA ",INBOX,,SOLUCIONADO,dunia sanchis rodriguez,03/31/2025,TRAMITO UNA NUEVA PRENDA,07/04/2025
#69696,PRENDA EN MAL ESTADO,TRAMITO RECOGIDA PARA BORDAR DE NUEVO LAS LETRAS,INBOX,"INCIDENCIAS/754F4E7A-4C98-4988-946A-3ACAB62E2B1C.jpeg, INCIDENCIAS/D3BB20E7-8740-4D2F-A5F4-1644BFA9704A.jpeg, INCIDENCIAS/F7406806-C4A9-4FEE-BAC8-6B929F41D7E3.jpeg",SOLUCIONADO,dunia sanchis rodriguez,04/07/2025,,
#69534,PEDIDO MAL ENTREGADO,"LE BORDAN UNA BANDERA MAL, TRAMITO RECOGIDA ",INBOX,"INCIDENCIAS/IMG_1943.jpeg, INCIDENCIAS/IMG_1944.jpeg",SOLUCIONADO,dunia sanchis rodriguez,04/08/2025,,
#61864,PEDIDO PERDIDO,"PAQUETE PERDIDO/ PREGUNTO A LUIS SI SE LO RECLAMA A CORREOS. PDTE DE QUE FERRETE ME DIGA EL STOCK ECI CADIZ ",INBOX,,SOLUCIONADO,dunia sanchis rodriguez,04/09/2025,,
#69452,PEDIDO MAL ENTREGADO,"LE LLEGA LA PRENDA CON LA BANDERA DE ESPAÑA EN LUGAR DE LA BANDERA DE PORTUGAL, FALLO DEL SISTEMA. SE LE RECOGE A LA CLIENTA Y SE LE HARA ENTREGA A ERIC PARA ARREGLARLA.",MAIL,"INCIDENCIAS/47cdaab1-dc6f-4202-b86e-8428c7c3cf06.jpeg, INCIDENCIAS/160ee3bb-6b96-429b-bf8e-4e2d58831a87.jpeg, INCIDENCIAS/1a052f86-29e0-497d-b48e-d42ff13d572f.jpeg",SOLUCIONADO,dunia sanchis rodriguez,04/09/2025,,
#69339,PEDIDO MAL ENTREGADO,"PIDE ALICANTE Y LE LLEGA ALBACETE. PIDO RECOGIDA A MAILING PARA QUE LO ARREGLE ERIC ",INBOX,INCIDENCIAS/IMG_9663.jpeg,SOLUCIONADO,dunia sanchis rodriguez,04/10/2025,,
#69111,PEDIDO PERDIDO,"SE ENTREGA A OTRA PERSONA, PREPARAMOS DE NUEVO EL PEDIDO, ADJUNTO A MAILING FOTOS DEL DNI PARA QUE TENGAN EL JUSTIFICANTE",MAIL,"INCIDENCIAS/processed-E73BF9C6-CAE0-49B3-94A2-7693CC696617.jpeg, INCIDENCIAS/processed-B51CB531-E3F9-4725-8C74-7EA98EE101DB.jpeg, INCIDENCIAS/processed-8F42E8F7-0605-4D0F-89A0-8464BBDC76E2.jpeg, INCIDENCIAS/processed-61E84B80-B768-42C4-AA9F-9C8955D242BC.jpeg, INCIDENCIAS/processed-E85DCC18-4D5E-4D67-BDF9-A3D5A16633A2.jpeg, INCIDENCIAS/processed-FCFEA061-A537-4E6B-882F-B987B2D466B0.jpeg",SOLUCIONADO,dunia sanchis rodriguez,04/10/2025,,
#70129,PEDIDO PERDIDO,"SE ENTREGA A OTRA PERSONA, RECLAMADO A MAILING CON DNI DEL CLIENTE",INBOX,"INCIDENCIAS/IMG_0437.jpeg, INCIDENCIAS/IMG_0438.jpeg",SOLUCIONADO,,,,
#73065,PEDIDO PERDIDO,"A CEX LE ROBAN EL PAQUETE. ",INBOX,,SOLUCIONADO,dunia sanchis rodriguez,06/03/2025,LE HACEMOS EL REEMBOLSO PORQUE ERA UN REGALO Y PREFIERE COMPRAR OTRA COSA YA QUE NO TENEMOS TALLA,03/06/2025
#42255,PRENDA EN MAL ESTADO,COMPRA LA PRENDA  Y CUANDO LA HA LAVADO POR PRIMERA VEZ SE DESTIÑE POR COMPLETO (PARADISE),MAIL,"INCIDENCIAS/IMG_5394.jpeg, INCIDENCIAS/IMG_5392.jpeg",SOLUCIONADO,dunia sanchis rodriguez,07/11/2025,CUANDO LLEGUE LA REPO A LA TIENDA ENVIARLE UNA TALLA L DE LA CAMISETA BLUE SUNSET TEE. CON RETORNO,
#75466,PRENDA EN MAL ESTADO,AMPLIAR PLAZOS PARA CAMBIOS,MAIL,INCIDENCIAS/1.jpg,SOLUCIONADO,dunia sanchis rodriguez,07/11/2025,AVISAR A FERRETE,
#78053,,"PRENDAS PREVENTA. SE VA A CANARIAS, ¿GASTOS DE ENVIO?",MAIL,,SOLUCIONADO,dunia sanchis rodriguez,07/11/2025,,
#46417,PEDIDO MAL ENTREGADO,"EL PEDIDO LE LLEGÓ MAL, NO SE LE DIO SOLUCION EN SU MOMENTO Y TODAVIA NO TIENE SU PEDIDO BIEN. HABLAR CON EL CLIENTE PARA RECOGERLE LAS CAMISETAS Y ENVIARLE LAS CORRECTAS. HA ESTADO EN TIENDA FISICA SEVILLA, ES DE FUERA",TIENDA,,SOLUCIONADO,dunia sanchis rodriguez,08/12/2025,,
#80467 ,PEDIDO MAL ENTREGADO,CRUCE DE PEDIDOS CON #78717,MAIL,,SOLUCIONADO,dunia sanchis rodriguez,08/25/2025,"LLAMO AL OTRO CLIENTE PERO NO ME COGE EL TELÉFONO, PIDO ETIQUETA DE RECOGIDA DEL PEDIDO QUE LE HA LLEGADO MAL",
#78717,PEDIDO MAL ENTREGADO,CRUCE DE PEDIDOS CON #80467,MAIL,,SOLUCIONADO,dunia sanchis rodriguez,08/25/2025,HEMOS ESCRITO AL CLIENTE PARA VER SI LE HA LLEGADO EL PEDIDO DEL OTRO CLIENTE. ESPERANDO RESPUESTA,
#82699,PEDIDO MAL ENTREGADO,SE LE HA ENTREGADO UN FORRO POLAR SIN INICIALES,MAIL,INCIDENCIAS/2.jpg,SOLUCIONADO,dunia sanchis rodriguez,09/10/2025,HACER RECOGIDA DE LA PRENDA Y QUE EDU BORDE LAS INCIALES,
#89532,PEDIDO PERDIDO,CLIENTE HACE EL PEDIDO EL 19 DE OCTUBRE. EL 31 LO RECOGE INPOST Y A DIA 7 NO ESTA ENTREGADO EL PAQUETE. ENVIAMOS UNA PRENDA NUEVA A TRAVÉS DE GLOVO Y SE LA REGALAMOS A LA CLIENTA. MUY CABREADA. EL PEDIDO SE RECLAMA A TRAVÉS DE CONNECT PERO NO HAY NOVEDADES.,MAIL,,SOLUCIONADO,dunia sanchis rodriguez,11/07/2025,ENVIAMOS UNA PRENDA DESDE TIENDA CON GLOVO,
#89578,PEDIDO PERDIDO,PEDIDO DEL 20 DE OCTUBRE SIGUE SIN SER ENTREGADO POR INPOST A DIA 7 DE NOVIEMBRE. CREO UN PEDIDO DE NUEVO PARA QUE SALGA LO ANTES POSIBLE.,MAIL,,SOLUCIONADO,dunia sanchis rodriguez,11/07/2025,ENVIAMOS LAS DOS CAMISETAS DE NUEVO.,
#83020,PRENDA EN MAL ESTADO,"PEDIDO DE VERANO, SE PONE EL FORRO POLAR DOS VECES Y SE DESHILACHA UNA DE LAS LETRAS",MAIL,INCIDENCIAS/Captura_de_pantalla_2025-11-12_110748.png,SOLUCIONADO,dunia sanchis rodriguez,11/12/2025,"LE RECOGEMOS LA PRENDA CON MRW Y ERIC GORCA LE VA A ARREGLAR LA LETRA. PRENDA TERMINADA 18/11, LA RECOGE MRW",18/11/2025
#94369,PEDIDO PERDIDO,"SE LE HACE CAMBIO DE TALLA DEL FORRO POLAR, SE SACA LA ETIQUETA PERO NO LLEGA A SALIR EL PEDIDO O SE PIERDE. SACAMOS UNO DE NUEVO",MAIL,,SOLUCIONADO,dunia sanchis rodriguez,11/27/2025,"ENVIAMOS UNA PRENDA DE NUEVO, CLIENTE ABRE UNA INCIDENCIA CON KLARNA",
#96320 ,PEDIDO RETRASADO O PERDIDO,PEDIDO TARDAN MUCHOS DIAS EN ENVIAR. LO DUPLICO Y RECLAMO A BIGBLUE QUE LLEVEN EL PEDIDO DE VUELTA AL ALMACÉN. QUE LAURA REVISE SI LO HAN DEVUELTO AL ALMACÉN ESTA SEMANA,MAIL,,SOLUCIONADO,dunia sanchis rodriguez,11/30/2025,SE LE ENVIA DE NUEVO YA QUE LO HA PERDIDO MRW,
#107076,PEDIDO RETRASADO O PERDIDO,"PEDIDO DEL 17 DE DICIEMBRE, ESTAMOS A 12 DE ENERO Y TODAVÍA NO HA SIDO ENTREGADO. RECLAMADO A INPOST EN DOS OCASIONES.",MAIL,,SOLUCIONADO,dunia sanchis rodriguez,01/12/2026,SE LE ENVIA UNO DE NUEVO OK ALESSANDRO,
"108420 ",PEDIDO FALTA DE STOCK,SE LE DAN COLORES A ELEGIR AL CLIENTE,MAIL,,SOLUCIONADO,dunia sanchis rodriguez,01/12/2026,LE DAMOS A ELEGIR COLORES O EL REEMBOLSO. FINLAMENTE ELIGE EL REEMBOLSO,
94985,PEDIDO RETRASADO O PERDIDO,"INPOST DEVUELVE EL PAQUETE A LA NAVE, NO LO LLEGARON A ENTREGAR",MAIL,,SOLUCIONADO,dunia sanchis rodriguez,01/12/2026,ENVIAMOS DE NUEVO EL PAQUETE DESDE NAVE,
110726,PEDIDO RETRASADO O PERDIDO,INPOST NO LE ENTREGA EL PEDIDO,MAIL,,SOLUCIONADO,dunia sanchis rodriguez,01/12/2026,RECLAMADO A INPOST,
107816,PEDIDO RETRASADO O PERDIDO,PEDIDO EN MANOS DE INPOST DESDE EL 26/12,MAIL,,SOLUCIONADO,dunia sanchis rodriguez,01/12/2026,"RECLAMADO A INPOST, SE LE ENVIA UNA PRENDA DE NUEVO",
95994,PEDIDO RETRASADO O PERDIDO,"PEDIDO DEVUELTO DE INPOST, LA FAMILIA NOS LA LIA BASTANTE. ENVIAMOS DE NUEVO CON MRW PERO EL PAQUETE DICE JOSE MANUEL QUE NO ESTÁ EN SUS MANOS.",MAIL,,SOLUCIONADO,dunia sanchis rodriguez,01/12/2026,EL PEDIDO FUE ENTREGADO,
111243,PEDIDO RETRASADO O PERDIDO,PEDIDO CON RETRASO DESDE EL 31 INPOST,MAIL,,SOLUCIONADO,dunia sanchis rodriguez,01/13/2026,ENTREGADO,
107347,PEDIDO RETRASADO O PERDIDO,"RECLAMACION ABIERTA EN INPOST, SIN MOVIMIENTOS DESDE EL 26/12",INBOX,,EN CURSO,dunia sanchis rodriguez,01/13/2026,,
#96986,PEDIDO MAL ENTREGADO,"LE LLEGA EL POLAR SIN EL BORDADO EN LA ESPALDA, LE LLEGA LA PRENDA DUPLICADA DELPEDIDO 97986.",MAIL,,SOLUCIONADO,dunia sanchis rodriguez,01/13/2026,PEDIMOS RECOGIDA A MRW Y ARREGLAMOS LA PRENDA,
#93440,DEVOLUCIONES CORTE INGLES,CLIENTE TRAMITA DEVOLUCION EN TIENDA PARA HACERLO EN ECI PERO NO ES POSIBLE,MAIL,,SOLUCIONADO,dunia sanchis rodriguez,01/14/2026,ENVIAMOS DIRECCION DE SEVILLAY EL CLIENTE SE TIENE QUE HACER CARGO DE ENVIAR LA PRENDA,
#113925,DEVOLUCIONES CORTE INGLES,CLIENTE TRAMITA DEVOLUCIÓN A TIENDA FÍSICA Y NO HAY TIENDA EN SU CIUDAD,MAIL,,SOLUCIONADO,dunia sanchis rodriguez,01/13/2026,ENVIAMOS LA DIRECCION DE SEVILLA Y EL CLIENTE SE TIENE QUE HACER CARGO DE ENVIAR LA PRENDA POR SU CUENTA,
#112450 y #112446,PEDIDO DUPLICADO POR EL CLIENTE,CLIENTE HACE DOS PEDIDOS IGUALES Y SON BORDADOS,MAIL,,SOLUCIONADO,dunia sanchis rodriguez,01/19/2026,LE DAMOS AL CLIENTE LA OPCION DE REEMBOLSARLE LA PARTE PROPORCIONAL AL PRECIO DE COSTE (25€). ESTAMOS A ESPERAS DE RESPUESTA. EL CLIENTE FINALMENTE ABRE UN CONTRACARGO EN SHOPIFY Y LO GANA.,
#108218,DEVOLUCIÓN CANCELADA POR PRENDA EN MAL ESTADO,EL CLIENTE MANDA UNA DEVOLUCIÓN CON UNAS BRAGAS Y UN SALVASLIP USADO,TIENDA,INCIDENCIAS/WhatsApp_Video_2026-01-19_at_12.59.49.mp4,SOLUCIONADO,dunia sanchis rodriguez,01/19/2026,CANCELAMOS LA DEVOLUCIÓN Y ENVIAMOS LA PRENDA DE VUELTA AL CLIENTE,19/01/2026
#115493,FALTAN PRENDAS EN EL PEDIDO,LE LLEGAN DOS DE CUATRO PRENDAS PEDIDAS,MAIL,INCIDENCIAS/Captura_de_pantalla_2026-01-19_162952.png,EN CURSO,dunia sanchis rodriguez,01/19/2026,SOLICITAMOS A BIGBLUE REVISAR EL PEDIDO,
#112801,FALTA PIN PARA RECOGER EL PAQUETE,"EL PAQUETE LLEVA DESDE EL 7 EN EL PUNTO PACK, EL CLIENTE HA INTENTADO RECOGERLO EN VARIAS OCASIONES PERO LE PONE QUE EL PIN NO ES VALIDO. LO RECLAMAMOS A BIGBLUE Y LLAMAMOS AL PUNTO PACK. A DIA 17 DE FEBRERO NO TENEMOS NOTICIAS",MAIL,,EN CURSO,dunia sanchis rodriguez,01/20/2026,,
#115532,PEDIDO MAL ENTREGADO,CLIENTE PIDE UN POLAR CLASICO SIN BANDERA Y LE LLEGA CON LA BANDERA BORDADA,MAIL,"INCIDENCIAS/Captura_de_pantalla_2026-01-21_131708.png, INCIDENCIAS/Captura_de_pantalla_2026-01-21_131716.png",SOLUCIONADO,dunia sanchis rodriguez,01/21/2026,BORDAMOS UNA NUEVA PRENDA Y ENVIAMOS CON RETORNO,
#116776,FALTAN PRENDAS EN EL PEDIDO,CLIENTE PIDE DOS HOODIES Y SOLO LE LLEGA UNA. BIGBLUE,MAIL,,SOLUCIONADO,dunia sanchis rodriguez,01/21/2026,RECLAMAMOS A BIGBLUE y BIGBLUE ASUME LOS COSTOS PORQUE AL REVISAR VEN QUE FALTAN PRENDAS,21/01/2026
#115493,FALTAN PRENDAS EN EL PEDIDO,LE LLEGAN 1 DE 3 PRENDAS. RECLAMAMOS A BIGBLUE PERO INDICAN QUE EL PEDIDO HA SALIDO COMPLETO.,MAIL,,EN CURSO,dunia sanchis rodriguez,01/21/2026,RECLAMADO A BIGBLUE PERO DICEN QUE EL PEDIDO HA SALIDO COMPLETO DE ALLI.,
#112203,FALTAN PRENDAS EN EL PEDIDO,LE LLEGAN 1 DE 3 PRENDAS,MAIL,,EN CURSO,dunia sanchis rodriguez,01/21/2026,RECLAMADO A BIGBLUE PERO INDICAN QUE EL PEDIDO HA SALIDO COMPLETO,
"98549 ",PEDIDO NO ENVIADO,"PEDIDO DEL 26 DE NOVIEMBRE, SE ENVIA EN DOS PAQUETES, UNO DE ELLOS LLEGA PERO EL OTRO NO Y MARCA COMO NO ENVIADO DESDE ALMACÉN. HE RECLAMADO MUCHAS VECES ESTE PEDIDO A ADRIAN PERO NO HE OBTENIDO RESPUESTA. VOY A ENVIARLE DE NUEVO EL PEDIDO AL CLIENTE CON UNA CAMISETA EXTRA POR LAS MOLESTIAS.",MAIL,,EN CURSO,dunia sanchis rodriguez,01/21/2026,RECLAMADO A ADRIAN Y A MRW,
115397,PEDIDO RETRASADO O PERDIDO,"PEDIDO DEL 10 DE ENERO, ENVIADO EL 14, INPOST SE SUPONE QUE AVISA AL CLIENTE POR POSIBLE ROBO DEL PEDIDO. LO RECLAMAMOS A INPOST",MAIL,,EN CURSO,dunia sanchis rodriguez,01/21/2026,RECLAMADO A INPOST,
#115852,PEDIDO ROBADO,"EL CLIENTE ABRE EL PUDO Y SE ENCUENTRA CON EL PAQUETE VACÍO, COMPLETAMENTE MANIPULADO",MAIL,"INCIDENCIAS/Captura_de_pantalla_2026-01-21_174507.png, INCIDENCIAS/Captura_de_pantalla_2026-01-21_174512.png",SOLUCIONADO,dunia sanchis rodriguez,01/21/2026,RECLAMADO A BIGBLUE,
#109349,PEDIDO RETRASADO O PERDIDO,"PEDIDO DEL 23 DE DICIEMBRE, ENVIADO EL 29 Y A DIA 22 DE ENERO SIGUE SIN SER ENTREGADO. RECLAMAMOS A INPOST",MAIL,,EN CURSO,dunia sanchis rodriguez,01/22/2026,RECLAMADO A INPOST,
#105880,PEDIDO NO ENVIADO,"NO LLEGO A SALIR DE LA TIENDA, AL CLIENTE SE LE DICE QUE ES EXTRAVIADO POR LA AGENCIA DE ENVIOS ",MAIL,,SOLUCIONADO,dunia sanchis rodriguez,01/22/2026,"REEMBOLSADO, NO QUIERE OTRA PRENDA",
#95834,FALTAN PRENDAS EN LA DEVOLUCION,LE HACEMOS EL CAMBIO MANUAL PORQUE SE LE ENVIO MAL Y CUANDO NOS HA LLEGADO FALTA LA CREWNECK,TIENDA,,EN CURSO,dunia sanchis rodriguez,01/26/2026,,
"107407 ",PEDIDO NO ENTREGADO AL CLIENTE,"PEDIDO DEL 18 DE DICIEMBRE, EL 30 MARCA COMO ENTREGADO PERO NO SE LE HA ENTREGADO AL CLIENTE. ESTE SE PONE EN CONTACTO CON INPOST PERO NO LE HAN DADO NINGUNA SOLUCIÓN, SOLICITAMOS EL JUSTIFICANTE DE ENTREGA PARA ENVIARSELO AL CLIENTE",MAIL,,EN CURSO,dunia sanchis rodriguez,01/27/2026,,
115463,PEDIDO RETRASADO O PERDIDO,"PEDIDO DEL 10 DE ENERO, ESTÁ DESAPARECIDO, A ESPERAS DE QUE NOS DEN UNA RESPUESTA DESDE INPOST",MAIL,,EN CURSO,dunia sanchis rodriguez,01/29/2026,,
#115463,PEDIDO RETRASADO O PERDIDO,"PEDIDO SUPUESTAMENTE RETRASADO INPOST, A ESPERAS DE QUE NOS LO ENVIEN AL ALMACÉN DE NUEVO",MAIL,,EN CURSO,dunia sanchis rodriguez,01/29/2026,,
#113802,PAYPAL,LE REEMBOLSAMOS EL PEDIDO Y PAYPAL TAMBIEN SE LO HA REEMBOLSADO. LE TENEMOS QUE PEDIR A POPI QUE ENVIE UNA FACTURA AL CLIENTE PARA QUE NOS ABONE EL COSTE DEL PEDIDO YA QUE SE LO HAN REEMBOLSADO DOBLE,MAIL,,EN CURSO,dunia sanchis rodriguez,01/29/2026,,
#118001,PEDIDO RETRASADO O PERDIDO,"SUPUESTA PÉRDIDA DE BIGBLUE Y SEUR, ESTAMOS A ESPERAS DE QUE NOS DEN UNA RESPUESTA POR PARTE DE ALMACÉN.",MAIL,,EN CURSO,dunia sanchis rodriguez,02/10/2026,A DIA 16 DE FEBRERO NOS RESPONDE BIGBLUE DICIENDO QUE EL PAQUETE HA SIDO ENTREGADO AL CLIENTE PERO EL CLIENTE NO HA RECIBIDO NADA.,
#114368,CONTRACARGO,"EL CLIENTE NO RECOGE EL PEDIDO DEL PUNTO PACK Y ABRE UN CONTRACARGO. NOS COMENTA QUE YA HA RECIBIDO EL DINERO EN SU CUENTA ",MAIL,,SOLUCIONADO,dunia sanchis rodriguez,02/16/2026,,
#118839,CONTRACARGO,AL CLIENTE LE LLEGAN LAS PRENDAS CORRECTAMENTE Y ABRE UN CONTRACARGO,MAIL,,Not started,,,,
117490,PEDIDO RETRASADO O PERDIDO,"PEDIDO DEL 22 DE ENERO, TODAVÍA NO LE HA LLEGADO AL CLIENTE",MAIL,,EN CURSO,dunia sanchis rodriguez,02/16/2026,,
120127,FALTAN PRENDAS EN EL PEDIDO,FALTAN DOS PRENDAS DE TRES QUE COMPONE EL PEDIDO,MAIL,,EN CURSO,dunia sanchis rodriguez,02/20/2026,,
#120558,MAL BORDADO,LE LLEGA CON LAS INICIALES EN LA MANGA INCORRECTA,MAIL,INCIDENCIAS/Captura_de_pantalla_2026-02-25_145830.png,EN CURSO,dunia sanchis rodriguez,02/26/2026,LE BORDAMOS UNO DE NUEVO,